"cheese","cheese_id"
"Aarewasser",1
"Abbaye de Belloc",2
"Abbaye de Belval",3
"Abbaye de Citeaux",4
"Abbaye de Tamié",5
"Abbaye de Timadeuc",6
"Abbaye du Mont des Cats",7
"Abbot’s Gold",8
"Abertam",9
"Abondance",10
"Acapella",11
"Accasciato",12
"Ackawi",13
"Acorn",14
"Adelost",15
"ADL Brick Cheese",16
"ADL Mild Cheddar",17
"Affidelice au Chablis",18
"Affineur Walo Rotwein Sennechäs",19
"Afuega'l Pitu",20
"Aged British Cheddar",21
"Aged Cashew & Blue Green Algae Cheese",22
"Aged Cashew & Brazil Nut Cheese",23
"Aged Cashew & Dulse Cheese",24
"Aged Cashew & Hemp Seed Cheese",25
"Aged Cashew Nut & Kale Cheese",26
"Aged Cashew Nut Cheese",27
"Aged Cheddar",28
"Aged Chelsea",29
"Aged Gouda",30
"Aggiano",31
"Ailsa Craig",32
"Airedale",33
"Aisy Cendre",34
"Alex James Co. No 1 Cheddar",35
"Alex James Co. No 2 Blue Monday",36
"Alex James Co. No 3 Valley Brie",37
"Alex James Co. No 4 Goats'",38
"Alex James Co. No 5 Grunge",39
"Alisia-Victoria",40
"Allgauer Emmentaler",41
"Allium Piper",42
"Alma Vorarlberger Alpkäse (3-5 months)",43
"Alma Vorarlberger Alpkäse (6-9 months)",44
"Alma Vorarlberger Bergkäse (10 months)",45
"Alma Vorarlberger Bergkäse (12 months)",46
"Alma Vorarlberger Bergkäse (6 months)",47
"Almnäs Tegel",48
"Alpe di Frabosa",49
"Alpha Tolman",50
"Alpicrème",51
"Alpine Gold",52
"Alpkäse",53
"Alps Rebel",54
"Alta Badia",55
"Alverca",56
"Amablu Blue cheese",57
"Amalthée",58
"Amarelo de Beira Baixa",59
"Ameribella",60
"American Cheese",61
"Ami du Chambertin",62
"Amish Frolic",63
"Amou",64
"Amsterdammer (British Columbia)",65
"Amul Cheese Spread",66
"Amul Emmental",67
"Amul Gouda",68
"Amul Pizza Mozzarella Cheese",69
"Amul Processed Cheese",70
"Anari",71
"Anejo Enchilado",72
"Anneau du Vic-Bilh",73
"Anniversary Ale Cheddar",74
"Anster",75
"Anthotyro",76
"Anthotyro Fresco",77
"Aphrodite Goat Milk Halloumi",78
"Appalachian",79
"Appenzeller",80
"Apple Walnut Smoked",81
"Appleby's Double Gloucester",82
"Applewood",83
"Applewood Smoked Chevre",84
"Aragon",85
"Ardi Gasna",86
"Ardrahan",87
"Ardsallagh Hard Goat's Cheese",88
"Ardsallagh Smoked Cheese",89
"Ardsallagh Soft Goat's Cheese",90
"Armenian String Cheese",91
"Aromes au Gene de Marc",92
"Arådalen",93
"Ascutney Mountain",94
"Asher Blue",95
"Ashley",96
"Asiago DOP",97
"Asiago d’Allevo DOP",98
"Asiago Pressato DOP",99
"Aspen Ash",100
"Assa",101
"Aubisque Pyrenees",102
"Auld Lochnagar",103
"Auld Reekie",104
"Aura",105
"Austrian Alps cheese",106
"Autun",107
"Avaxtskyr",108
"Avonlea Clothbound Cheddar",109
"Azeitao",110
"Baby Brie",111
"Baby Swiss",112
"Babybel",113
"Bad Axe",114
"Baguette Laonnaise",115
"Baita Friuli",116
"Baladi",117
"Balaton",118
"Balfour",119
"Baluchon",120
"Bandal",121
"Banon",122
"Barambah Organics Marinated Feta",123
"Barber's 1833",124
"Barberey",125
"Barden Blue",126
"Barely Buzzed",127
"Barilotto",128
"Barlocco",129
"Baron Bigod",130
"Baron Bigod Baby Truffle",131
"Baronerosso di Capra",132
"Barrel Aged Feta",133
"Barricato al Pepe",134
"Barriquet",135
"Barry's Bay Cheddar",136
"Bartlett",137
"Basajo",138
"Baserri",139
"Basils Original Rauchkäse",140
"Basing",141
"Baskeriu",142
"Basket Cheese",143
"Basket Molded Ricotta",144
"Bassigny au porto",145
"Bath Blue",146
"Bath Soft Cheese",147
"Bath Soft Cheese Truffled",148
"Batzos",149
"Bavaria blu",150
"Bavarian Bergkase",151
"Bayley Hazen Blue",152
"Baylough",153
"Beach Box Brie",154
"Bear Hill",155
"Beaufort",156
"Beaumont",157
"Beauvale",158
"Beauvoorde",159
"Beehive Fresh",160
"Beemster 2% Milk",161
"Beemster Aged",162
"Beemster Classic",163
"Beemster Extra Aged (XO)",164
"Beemster Graskaas",165
"Beenleigh Blue",166
"Bega Processed Cheddar",167
"Bel Ceillo",168
"Bel Paese",169
"Bella Lodi",170
"Belle Creme",171
"Belletoile",172
"Bellwether Farms Crescenza",173
"Benedictine",174
"Bent River",175
"Bergader",176
"Bergere Bleue",177
"Bergues",178
"Berkswell",179
"Bermondsey Hard Pressed",180
"Bermuda Triangle",181
"Bethmale des Pyrenees",182
"Bettine Bleu",183
"Bettine Grand Cru",184
"Beyaz Peynir",185
"Bianca",186
"Bianco",187
"Bica de Queijo",188
"Bierkase",189
"Big John's Cajun",190
"Big Rock Blue",191
"Big Woods Blue",192
"Bijou",193
"Binnorie Marinated Fetta",194
"Bishop Kennedy",195
"Bismark",196
"Bix",197
"Black Betty",198
"Black Bomber Cheddar",199
"Black Pearl",200
"Blackmount",201
"Blacksticks Blue",202
"Blaenafon Pwll Ddu",203
"Blarney Castle",204
"Blenda",205
"Bleu Bénédictin",206
"Bleu d'Auvergne",207
"Bleu de Laqueuille",208
"Bleu Des Causses",209
"Bleu L'Ermite",210
"Bleu Mont Dairy Bandaged Cheddar",211
"Bleubry",212
"Blissful Blocks",213
"Blissful Toppings",214
"Bloomsdale",215
"Blu '61",216
"Blu Della Casera",217
"Blu di Bufala",218
"Blue",219
"Blue Benedictine",220
"Blue Castello",221
"Blue Cheese",222
"Blue Clouds",223
"Blue Earth",224
"Blue Ledge La Luna",225
"Blue Lupine",226
"Blue Rathgore",227
"Blue Vein (Australian)",228
"Blue Wensleydale",229
"Blue Yonder",230
"Bluebell",231
"Bluebell Falls Cygnus",232
"Blythedale Camembert Vermont™",233
"Bocconcini",234
"Boeren-Leidse met sleutels",235
"Bohemian Blue",236
"Boivin Extra Aged Cheddar",237
"Boivin Marbled Cheddar",238
"Boivin Medium Cheddar",239
"Bonchester",240
"Bonifaz",241
"Bonne Bouche",242
"Boo Boo Baby Swiss",243
"Bootlegger",244
"Bossa",245
"Bosworth",246
"Bothwell Black Truffle Cheddar",247
"Bougon",248
"Boulder Chevre",249
"Boule Du Roves",250
"Boulette d'Avesnes",251
"Bouncing Berry",252
"Bourdin Goat Log",253
"Boursault",254
"Boursin",255
"Bouyguette",256
"Bouyssou",257
"Boyne Valley Bán",258
"Bra Duro DOP",259
"Braudostur",260
"Breakfast Cheese",261
"Brebirousse d'Argental",262
"Brebis d'Azure",263
"Brebis du Lavort",264
"Brebis du Puyfaucon",265
"Bree",266
"Brefu Bach",267
"Bresse Bleu",268
"Brewer's Gold",269
"Brick",270
"Brick Lane Bree",271
"Bridgewater",272
"Brie",273
"Brie au poivre (Brie with pepper)",274
"Brie Coco",275
"Brie d'Alexis",276
"Brie de Meaux",277
"Brie de Melun",278
"Brie de Portneuf",279
"Brie de Portneuf Double Cream",280
"Brightwell Ash",281
"Brillat-Savarin",282
"Brillo di Treviso",283
"Brimstone",284
"Brin",285
"Brin d'Amour",286
"Brinza - Feta style",287
"Briquette de Brebis",288
"Briquette du Forez",289
"Briscola",290
"Brise du Matin",291
"Brixton Blue",292
"Brocciu",293
"Broncha",294
"Brousse du Rove",295
"Brown’s Gulch",296
"Bruder Basil",297
"Brunost",298
"Brusselae Kaas (Fromage de Bruxelles)",299
"Brutal Blue",300
"Bryndza",301
"Brânză de Burduf",302
"Buche de Chevre",303
"Bucheret",304
"Buchette d'Anjou",305
"Buchette de Manon",306
"Bufala Soldier",307
"Bufalino",308
"Bufarolo",309
"Buff Blue",310
"Burgos",311
"Burrata",312
"Burwash Rose",313
"Burwood Bole",314
"Butte",315
"Buttercup",316
"Butterkase",317
"Buttermilk Blue",318
"Buttermilk Blue Affinee",319
"Buttermilk Gorgonzola",320
"Butternut",321
"Buxton Blue",322
"Byaslag",323
"Bûchette à la Sarriette",324
"Cabecou",325
"Cabecou Feuille D'Armagnac",326
"Caboc",327
"Cabot Clothbound",328
"Cabrales",329
"Cachaille",330
"Cacio De Roma®",331
"Cacio di Bosco al Tartufo",332
"Caciobarricato",333
"Caciobirraio",334
"Caciobufala",335
"Caciocavallo",336
"Caciocavallo di Bufala",337
"Caciocavallo Podolico Vetus",338
"Cacioradicchio",339
"Caciotta",340
"Caciotta Al Tartufo",341
"Cacow Belle",342
"Caerphilly",343
"Cahill's Irish Porter Cheddar",344
"Cahill's Whiskey Cheese",345
"Cairnsmore",346
"Calcagno",347
"Calenzana (Calinzanincu)",348
"California Crottin",349
"cambazola",350
"Cambozola Grand Noir",351
"Cambus o’May",352
"Camembert",353
"Camembert Calvados",354
"Camembert de Normandie",355
"Camembert de Portneuf",356
"Camembert des Camarades",357
"Cameo",358
"Campfire",359
"Campi",360
"Cana de Cabra",361
"Canadian Cheddar",362
"Canarejal",363
"Canastra cheese",364
"Cancoillotte (Cancoyotte)",365
"Canestrato",366
"Cantal",367
"Cap Cressy",368
"Cape Vessey",369
"Capra al Fieno",370
"Capra al Pepe",371
"Capra Nouveau",372
"Caprano",373
"Capraricca",374
"Caprese di Bufala",375
"Capri Blu",376
"Capriago",377
"Caprice",378
"Caprice des Dieux",379
"Capricious",380
"Capricorn Somerset Goats Cheese",381
"Capriny",382
"Capriole Banon",383
"Caprotto",384
"Carabiner",385
"Caravane",386
"Carboncino",387
"Cardo",388
"Carlina",389
"Carlow",390
"Carmody",391
"Carnia Altobut",392
"Caronzola",393
"Carr Valley Glacier Wildfire Blue",394
"Carre de l'Est",395
"Carrick",396
"Carrot Rebel",397
"Carrowholly",398
"Casatica",399
"Casciotta di Urbino",400
"Cashel Blue",401
"Cashew Nut Cream Cheese",402
"Castelmagno",403
"Castelo Branco",404
"Castigliano",405
"Castillon Frais",406
"Castle Blue",407
"Casu marzu",408
"Cathelain",409
"Catupiry",410
"Cave Aged Marisa",411
"Cave Rebel",412
"Caveman Blue",413
"Caws Cenarth Black Sheep",414
"Caws Penhelyg Abaty",415
"Cayuga Blue",416
"Cello Thick & Smooth Mascarpone",417
"Celtic Promise",418
"Cendre d'Olivet",419
"Cendré des Prés",420
"Cerney Pyramid",421
"Chabichou du Poitou",422
"Chabis de Gatine",423
"Challerhocker",424
"Champignon de Luxe Garlic",425
"Champignon de Luxe Pepper",426
"Champignon Mushrooom",427
"Chaource",428
"Chapman's Pasture",429
"Charolais",430
"Chaumes",431
"Chavroux",432
"Checkerboard Cheddar",433
"Cheddar",434
"Cheddar LaDiDa Lavender",435
"Cheddar with Irish Porter",436
"Cheddar with Red Wine",437
"Cheese Curds",438
"Chelsea Blue",439
"Cherni Vit",440
"Cherokee Rose",441
"Cheshire",442
"Chevre en Marinade",443
"Chevre Log",444
"Chevrotin des Aravis",445
"Chhurpi",446
"Childwickbury",447
"Chile Jack",448
"Chilli Caciotta",449
"Chimney Rock",450
"Chiriboga Blue",451
"Chocolate Lab",452
"Chocolate Stout Cheddar",453
"Chontaleno",454
"Chorlton Blue Cheshire",455
"Chura Kampo",456
"Château de Versailles",457
"Chèvre",458
"Chèvre des neiges",459
"Cilentano ai fichi",460
"Cinerino",461
"Cirrus",462
"Civray",463
"Classic Blue Log",464
"Classico Pecorino Senese",465
"Classico Riserva",466
"Classics Fresh Mozzarella",467
"Clava Brie",468
"Clonmore",469
"Coalho",470
"Coastal Cheddar",471
"Coeur de Camembert au Calvados",472
"Coeur de Chevre",473
"Colby",474
"Colby-Jack",475
"Cold Pack",476
"Colony cheese",477
"ColoRouge",478
"Colston Bassett Stilton",479
"Comox Brie",480
"Comox Camembert",481
"Comte",482
"Comte 12 months",483
"Comte 18 months",484
"Comtomme",485
"Conciato Al Pepe",486
"Condio",487
"Connemara",488
"Consider Bardwell Farm Manchester",489
"Coolattin Cheddar",490
"Coolea",491
"Cooleney",492
"Coquetdale",493
"Corleggy",494
"Cornish Blue",495
"Cornish Brie",496
"Cornish Crumbly",497
"Cornish Kern",498
"Cornish Pepper",499
"Cornish Smuggler",500
"Cornish Wild Garlic Yarg",501
"Cornish Yarg",502
"corra linn",503
"Cote Hill Blue",504
"Cote Hill Snowdrop",505
"Cotherstone",506
"Cotija Cheese",507
"Cotswold",508
"Cottage Cheese",509
"Cottage Cheese (Australian)",510
"Cougar Gold",511
"Coulommiers",512
"Counting Sheep…and Goats...",513
"Country Morning",514
"Coupole",515
"Couronne Lochoise",516
"Coverdale",517
"Cow's Milk Gouda",518
"Cracked Pepper Chevre",519
"Cranborne",520
"Cratloe Hills",521
"Cravero Parmigiano Reggiano",522
"Crayeux de Roncq",523
"Cream Cheese",524
"Cream Cheesy Bliss",525
"Cream Havarti",526
"Creamy Gouda",527
"Creamy Lancashire",528
"Crema de Blue",529
"Crema Mexicana",530
"Crema Mexicana Agria",531
"Cremet",532
"Cremig Extra Würzig, Bergkäse Aus Dem Schweizer Jura",533
"Cremont",534
"CreNoble",535
"Crescenza di Bufala",536
"Crescenza-Stracchino",537
"Cressy Blu",538
"Criffel",539
"Criollo Cheese",540
"Crocodile Tear",541
"Croghan",542
"Crotonese",543
"Crottin de Champcol",544
"Crottin de Chavignol",545
"Crowdie",546
"Crowley",547
"Crozier",548
"Crucolo",549
"Crumbly Lancashire",550
"CréMonté",551
"Cuajada",552
"Cubetto",553
"Cuor di burrata",554
"Cup Cheese",555
"Cure Nantais",556
"Curworthy",557
"Cwmtawe Pecorino",558
"Cypress Grove Chevre",559
"L'Affine Au Chablis",560
"L'Amuse Brabander Goat Gouda",561
"L'Amuse Signature Gouda",562
"L'Aveyronnais",563
"L'Ecir de l'Aubrac",564
"L'Empereur",565
"L'Étivaz",566
"L'Étoile de St-Raymond",567
"La Bonaparte",568
"La Casatella",569
"La Couronne - Fort Aged Comté",570
"La Fleurie",571
"La Peral",572
"La Pyramide",573
"La Retorta",574
"La Rumeur",575
"La Sauvagine",576
"La Sauvagine Réserve",577
"La Serena",578
"La Taupiniere",579
"La Tur",580
"La Vache Qui Rit cheese",581
"Labneh",582
"Lacey Grey",583
"LaClare Farms Chandoka",584
"LaClare Farms Cheddar",585
"LaClare Farms Chevre",586
"LaClare Farms Evalon",587
"LaClare Farms Evalon with Cummin",588
"LaClare Farms Evalon with Fenugreek",589
"LaClare Farms Fondry Jack",590
"LaClare Farms Martone",591
"LaClare Farms Raw Goats Milk Cheddar",592
"LaClare Ziege Zacke Blue",593
"Lacy Swiss",594
"Lady Jane",595
"Laganory",596
"Laguiole",597
"Lairobell",598
"Lajta",599
"Lake District Extra Mature Cheddar",600
"Lake District Mature Cheddar",601
"Lamb Chopper",602
"Lanark Blue",603
"Lanark White",604
"Lancashire Smoked",605
"Landaff",606
"Langres",607
"Lappi",608
"Largo",609
"Laruns",610
"Latteria Navel",611
"Latteria San Biagio",612
"Laura Chenel Taupiniere",613
"Laura Chenel Tome",614
"Laura Chenel's Cabecou",615
"Lavistown",616
"Le Brebiou",617
"Le Brin",618
"Le Cendrillon",619
"Le Chevrot",620
"Le Conquerant Camembert",621
"Le Conquerant Demi Pont L'eveque",622
"Le Double Joie",623
"Le Duc Vacherin",624
"Le Fium Orbo",625
"Le Gruyère AOP",626
"Le Lacandou",627
"Le Marquis Chevre",628
"Le Maréchal",629
"Le Moutier",630
"Le Reflet de Portneuf",631
"Le St-Raymond",632
"Le Wavreumont",633
"Leafield",634
"Lebbene",635
"Leerdammer",636
"Legacy",637
"Legato",638
"Lemon Fetish",639
"Lemon Myrtle Chevre",640
"Leonora®",641
"Les Calendos",642
"Leyden",643
"Liburnski Sir",644
"Lil Moo",645
"Liliputas",646
"Limburger",647
"Lincoln Log",648
"Lincolnshire Poacher",649
"Lindale",650
"Lindy Hop",651
"Lingot des Causses",652
"Lingot Saint Bousquet d'Orb",653
"Liptauer",654
"Little Bloom on the Prairie",655
"Little Colonel",656
"Little Dragon",657
"Little Napoleon",658
"Little Qualicum Raclette",659
"Little Rydings",660
"Little Ypsi",661
"Livarot",662
"Llanboidy",663
"Llanglofan Farmhouse",664
"Lo Sburrato",665
"Lo Speziato",666
"Loch Arthur Farmhouse",667
"Loddiswell Avondale",668
"Loma Alta",669
"Longhorn",670
"Lord of the Hundreds",671
"Lost Lake",672
"Lou Bergier Pichin",673
"Lou Palou",674
"Lou Pevre",675
"Lunetta",676
"Lyburn Garlic and Nettle",677
"Lyburn Gold",678
"Lyburn Lightly Oak Smoked",679
"Lyburn's Winchester",680
"Maasdam",681
"Macadamia Nut Cheese",682
"Macconais",683
"Madrona",684
"Maffra Aged Rinded Cheddar",685
"Maffra Cheshire",686
"Maffra Dargo Walnut",687
"Maffra Mature Cheddar",688
"Maffra Peppercorn Cheddar",689
"Maffra Red Leicester",690
"Maffra Sage Derby",691
"Maffra Wensleydale",692
"Maggie's Round",693
"Magna",694
"Mahoe Aged Gouda",695
"Mahón",696
"Maida Vale",697
"Maisie's Kebbuck",698
"Majorero",699
"Malvarosa®",700
"Malvern",701
"Mamirolle",702
"Manchego",703
"Mandolin",704
"Mango Rebel",705
"Manon",706
"Manouri",707
"Manteca",708
"Manur",709
"Marble Cheddar",710
"Marble Cheese",711
"Marco Polo",712
"Maredsous",713
"Margot",714
"Maribo",715
"Marin French Triple Crème",716
"Marisa",717
"Maroilles",718
"Martha's Heat",719
"Mascares",720
"Mascarpone",721
"Mastorazio",722
"Matocq",723
"Mature Wensleydale",724
"May Hill Green",725
"Maytag Blue",726
"McLaren",727
"Medallion",728
"Meira",729
"Melange",730
"Melange Brie",731
"Melinda Mae",732
"Melville",733
"Menage",734
"Menallack Farmhouse",735
"Menonita",736
"Meredith Ashed Pyramids",737
"Meredith Blue",738
"Meredith Chevre Ash",739
"Meredith Chevre Dill",740
"Meredith Chevre Plain",741
"Meredith Goat Cheese in Extra Virgin Olive Oil",742
"Merry Wyfe",743
"Mersey Valley Original Vintage",744
"Metronome",745
"Mettowee",746
"Meyer Vintage Gouda",747
"MezzaLuna Fontina",748
"Mezzo Secco",749
"Mi-Ewe",750
"Midnight Blue",751
"Midnight Moon®",752
"Miette",753
"Mihalic Peynir",754
"Milawa Affine",755
"Milawa Aged Blue",756
"Milawa Blue",757
"Milawa Brie",758
"Milawa Goats Tomme",759
"Milawa White",760
"Milbenkäse",761
"Milleens",762
"Millstone",763
"Mimolette (Boule de Lille)",764
"Minas cheese",765
"Mine-Gabhar",766
"Minger",767
"Minuet",768
"Mirabo Brie with Walnut",769
"Miss Muffet",770
"Mistralou",771
"MitiCaña® de Oveja",772
"Mladi Trapist",773
"Mobay",774
"Molbo",775
"Mona",776
"Monastery Cheeses",777
"Mondseer",778
"Monet",779
"Mont D'or",780
"Mont Saint-Francis",781
"Mont St-Benoît",782
"Montagnolo",783
"Montasio",784
"Montasio Mezzano",785
"Montasio Vecchio",786
"Montchevre Goat Cheese Log",787
"Monte Enebro",788
"Monteo",789
"Monterey Jack",790
"Montgomery's Cheddar",791
"Montsalvat",792
"Moody Blue",793
"Moonglo",794
"Moonlight Chaource",795
"Moose",796
"Morangie Brie",797
"Morbier",798
"Morcella",799
"Morgan",800
"Morimoto Soba Ale Cheddar",801
"Moringhello",802
"Morlacco",803
"Moses Sleeper",804
"Mossfield Organic",805
"Mothais a la Feuille",806
"MouCo Camembert",807
"MouCo Truffello",808
"Mountain Goat",809
"Mountain Herbs Rebel",810
"Mountain Rebel",811
"Mountaineer",812
"Mouse House Chilli Cheddar",813
"Mouse House Garlic & Chive Cheddar",814
"Mouse House Smoked Cheddar",815
"Mozzarella",816
"Mozzarella (Australian)",817
"Mozzarella di Bufala DOP",818
"Mozzarellissima",819
"Ms. Natural",820
"Mt Scott",821
"Mt Tam",822
"Mt. Mazama Cheddar",823
"Muddlewell",824
"Muenster",825
"Muffato",826
"Mun-chee",827
"Munster",828
"Muranda Blue",829
"Murazzano DOP",830
"Murol",831
"Mycella",832
"Myzithra",833
"Météorite",834
"P'tit Basque",835
"P'tit Berrichon",836
"Pacific Rock",837
"Pack Square",838
"Paesanella Bocconcini",839
"Paesanella Buffalo Mozzarella",840
"Paesanella Buffalo Ricotta",841
"Paesanella Burrata",842
"Paesanella Caciotta",843
"Paesanella Caciotta with Rocket & Chilli",844
"Paesanella Cherry Bocconcini",845
"Paesanella Dry Ricotta",846
"Paesanella Fresco",847
"Paesanella Fresh Ricotta",848
"Paglierino",849
"Paillot de Chèvre",850
"Palet de Babligny",851
"Pallone di Gravina",852
"Paneer",853
"Panela",854
"Paniolo",855
"Pannerone",856
"Panquehue",857
"Pant ys Gawn",858
"Paprika Rebel",859
"Parmesan",860
"Parrano",861
"Pas de l'Escalette",862
"Passendale",863
"Pastoral",864
"Pate de Fromage",865
"Patefine Fort",866
"Pave d'Affinois",867
"Pave d'Auge",868
"Pave de Chirac",869
"Pawlet",870
"Paški Sir (PDO)",871
"Peau Rouge",872
"Pecorino",873
"Pecorino a Latte Crudo",874
"Pecorino al Pepe",875
"Pecorino al Tartufo",876
"Pecorino alla Canapa",877
"Pecorino allo Zafferano",878
"Pecorino Barba Del Passatore",879
"Pecorino Boccondilatte",880
"Pecorino Camomilla",881
"Pecorino Con Caglio Vegetale",882
"Pecorino dei Malatesta al Sangiovese",883
"Pecorino Dei Malatesta Sotto Cenere",884
"Pecorino dei Monaci",885
"Pecorino di Sogliano",886
"Pecorino di Talamello",887
"Pecorino di Vigna",888
"Pecorino Erica",889
"Pecorino Fiordaliso",890
"Pecorino Foglie Noci",891
"Pecorino Gelsomino",892
"Pecorino Ginepro",893
"Pecorino Gran Riserva Del Passatore",894
"Pecorino in Walnut Leaves",895
"Pecorino Mallo di Noce",896
"Pecorino nel fieno",897
"Pecorino Nel Granaio",898
"Pecorino Nero",899
"Pecorino Ortica",900
"Pecorino Papavero",901
"Pecorino Pepato Mitica® Aged",902
"Pecorino Pera",903
"Pecorino Querciaiolo",904
"Pecorino Romagnolo",905
"Pecorino Romano",906
"Pecorino Toscanello",907
"Peekskill Pyramid",908
"Pelardon des Cevennes",909
"Pelardon des Corbieres",910
"Pembrokeshire Extra Mature Cheddar",911
"Pembrokeshire Mature Cheddar",912
"Penamellera",913
"Penbryn",914
"Pencarreg",915
"Pepato",916
"PepBert",917
"Pepper Jack",918
"Pepper Rebel",919
"Peppercorn Gouda",920
"Perl Las Blue",921
"Perl Wen",922
"Perlagrigia Sotto Cenere",923
"Perroche",924
"Petida",925
"Petit Blaja",926
"Petit Pardou",927
"Petit-Suisse",928
"Petite Swiss",929
"Phoebe",930
"Pianoforte",931
"Piave",932
"Piave Fresco",933
"Piave Mezzano",934
"Piave Vecchio DOP",935
"Piave Vecchio Selezione Oro",936
"Picobello",937
"Picodon de Chevre",938
"Picolo",939
"Picos de Europa",940
"Pied-de-vent",941
"Pierce Pt",942
"Pigouille",943
"Pimento",944
"Pinconning",945
"Piora",946
"Piper's Pyramide",947
"Pistol Point Cheddar",948
"Pitchfork Cheddar",949
"Pithtiviers au Foin",950
"Pizy",951
"Plancherin d'Arêches",952
"Pleasant Creek",953
"Pleasant Ridge Reserve",954
"Plymouth Cheese",955
"Podhalanski",956
"Point Reyes Bay Blue",957
"Point Reyes Original Blue",958
"Point Reyes Toma",959
"Poivre d'Ane",960
"Pokolbin",961
"Pompeii",962
"Pong's Extraordinary... Cheddar",963
"Pont l'Eveque",964
"Port Nicholson",965
"Port-Salut",966
"Postel",967
"Pouligny-Saint-Pierre",968
"Pourly",969
"Prairie Breeze Cheddar",970
"Prairie Rose",971
"Prairie Tomme",972
"Prastost",973
"President Brie",974
"President Camembert",975
"President Fat Free Feta",976
"President Light Brie",977
"President Madrigal",978
"Prima Donna",979
"Prima Donna fino",980
"Prima Donna forte",981
"Prima Donna leggero",982
"Prima Donna maturo",983
"Primo Fresco",984
"Prince-Jean",985
"Prix de Diane",986
"Processed Cheddar",987
"Processed Cheese",988
"Processed Smoked Gouda",989
"Promontory",990
"Provel",991
"Providence",992
"Provoleta",993
"Provolone",994
"Provolone del Monaco",995
"Provolone Mandarino Gran Riserva",996
"Provolone Valpadana",997
"Président Fresh Goat Cheese",998
"PsycheDillic",999
"Pule",1000
"Purple Haze",1001
"Purple's a Must",1002
"Pyengana Cheddar",1003
"Pyramide",1004
"Pérail de Brebis",1005
"Saaland Pfarr",1006
"Saanen Silk",1007
"Saanenkaese",1008
"Saga",1009
"Sage Derby",1010
"Saint Agur",1011
"Saint Albray",1012
"Saint André",1013
"Saint Felicien",1014
"Saint Honoré",1015
"Saint Marcellin",1016
"Saint Nectaire",1017
"Saint Paulin",1018
"Saint Rose",1019
"Sainte-Maure de Touraine AOC",1020
"Salemville Amish Blue",1021
"Salemville Amish Gorgonzola",1022
"Salemville Smokehaus Blue",1023
"Salers",1024
"Salsa Asiago",1025
"Saltbush Chevre",1026
"Samso",1027
"San Andreas",1028
"San Geronimo",1029
"San Simón DOP",1030
"Sancerre",1031
"Sandy Creek",1032
"Santa Gadea",1033
"Sao Jorge",1034
"Sap Sago",1035
"Saporito",1036
"Sardo",1037
"Sarró de Cabra",1038
"Sartori Classic Cheese Asiago",1039
"Sartori Classic Cheese Fontina",1040
"Sartori Classic Cheese Parmesan",1041
"Sartori Classic Cheese Romano",1042
"Sartori Classic MontAmore",1043
"Sartori Limited Edition Cannella BellaVitano",1044
"Sartori Limited Edition Cognac BellaVitano",1045
"Sartori Limited Edition Extra-Aged Goat",1046
"Sartori Limited Edition Family Heirloom BellaVitano",1047
"Sartori Limited Edition Family Heirloom Parmesan",1048
"Sartori Limited Edition Pastorale Blend",1049
"Sartori Reserve Balsamic BellaVitano",1050
"Sartori Reserve Basil & Olive Oil Asiago",1051
"Sartori Reserve BellaVitano Gold",1052
"Sartori Reserve Black Pepper BellaVitano",1053
"Sartori Reserve Chai BellaVitano",1054
"Sartori Reserve Cheese Mediterranean Fontina",1055
"Sartori Reserve Dolcina Gorgonzola",1056
"Sartori Reserve Espresso BellaVitano",1057
"Sartori Reserve Extra Aged Fontina",1058
"Sartori Reserve Extra-Aged Asiago",1059
"Sartori Reserve Merlot BellaVitano",1060
"Sartori Reserve Raspberry BellaVitano",1061
"Sartori Reserve Rosemary & Olive Oil Asiago",1062
"Sartori Reserve SarVecchio Parmesan",1063
"Sbrinz",1064
"Sbronzo",1065
"Scallion Onion Cheddar",1066
"Scamorza",1067
"Schloss",1068
"Scotch Bonnet Cheddar",1069
"Sea Change",1070
"Seahive",1071
"Seascape",1072
"Seastack",1073
"Seator's Orkney",1074
"Selles sur Cher",1075
"Selva",1076
"Serat",1077
"Seriously Strong Cheddar",1078
"Serra da Estrela DOP",1079
"Sgt. Pepper",1080
"Shaker Blue",1081
"Shamembert",1082
"Shanklish",1083
"Sharon Hollow Garlic and Chive",1084
"Sharp Cheddar",1085
"Sharpham",1086
"Sharpham Elmhirst",1087
"Sharpham Rustic",1088
"Sharpham Rustic Chive & Garlic",1089
"Sharpham Savour",1090
"Sheep Gouda",1091
"Shelburne Cheddar",1092
"Shepherd's Crook",1093
"Shepherd's Hope",1094
"Shepherdista Crush",1095
"Shepsog",1096
"Ships Wheel Brie",1097
"Shoreditch Smoked",1098
"Shorrock's Lancashire Bomb",1099
"Shredded Bliss",1100
"Shropshire Blue",1101
"Shtayburne Farm Cheddar",1102
"Shtayburne Farm Monterey Jack",1103
"Sicilian Blend",1104
"Siltcoos",1105
"Sinodun Hill",1106
"Sirene",1107
"Sleightlett",1108
"Slices Of Bliss",1109
"Smoked Fior Di Latte",1110
"Smoked Gouda",1111
"Smoked Lincolnshire Poacher",1112
"Smoked Sulguni",1113
"Smokey Jalapeño",1114
"Smokey Mountain Round",1115
"Smokey Oregon Blue",1116
"Smokey Touvelle",1117
"Snow Camp",1118
"Sofia",1119
"Somerset Brie",1120
"Somerset Organic Cheddar",1121
"Sonnet",1122
"Sonoma Jack",1123
"Sosha",1124
"Sottocenere® al Tartufo",1125
"Soumaintrain",1126
"Sourire Lozerien",1127
"Sparkenhoe Red Leicester",1128
"Spenwood",1129
"Speziato",1130
"Squaquerone di Bufala",1131
"St Andrews Farmhouse Cheddar",1132
"St Cera",1133
"St Fidèle Swiss",1134
"St Gall",1135
"St James",1136
"St Jude",1137
"St Killian",1138
"St Mang Original Allgäuer Limburger",1139
"St Pat",1140
"St Tola Ash Log",1141
"St Tola Cranberry",1142
"St Tola Crottin",1143
"St Tola Divine",1144
"St Tola Greek Style",1145
"St Tola Hard Cheese",1146
"St Tola Log",1147
"Staffordshire Organic",1148
"Stawley",1149
"Stella Asiago",1150
"Stella Black Pepper Romano",1151
"Stella Blue",1152
"Stella Feta",1153
"Stella Fontina",1154
"Stella Fontinella",1155
"Stella Goat",1156
"Stella Gorgonzola",1157
"Stella Italian Sharp",1158
"Stella Kasseri",1159
"Stella Mediterranean Parmesan",1160
"Stella Parmesan",1161
"Stella Parmesan & Romano Blend",1162
"Stella Reduced Fat Blue",1163
"Stella Smoked Blue",1164
"Stella Swiss",1165
"Sternschnuppe",1166
"Stichelton",1167
"Stickney Hill Chevre",1168
"Stilton",1169
"Stinking Bishop",1170
"Stoney Cross",1171
"Stracchinata",1172
"Strathdon Blue",1173
"Strawberry Moon",1174
"Striegistaler Zwerge Camembert",1175
"String Cheese",1176
"Suffolk Punch",1177
"Sulguni",1178
"Sun Dried Tomato and Basil Cashew Cheese",1179
"Sunlight",1180
"Sunset Bay",1181
"Sussex Slipcote",1182
"Sveciaost",1183
"Swag",1184
"Swaledale",1185
"Sweet Style Swiss",1186
"Swiss cheese",1187
