"soc_title","soc","soc_type"
"Total, all occupations","00-0000","Summary"
"Management occupations","11-0000","Summary"
"Top executives","11-1000","Summary"
"Chief executives","11-1011","Line item"
"General and operations managers","11-1021","Line item"
"Legislators","11-1031","Line item"
"Advertising, marketing, promotions, public relations, and sales managers","11-2000","Summary"
"Advertising and promotions managers","11-2011","Line item"
"Marketing and sales managers","11-2020","Summary"
"Marketing managers","11-2021","Line item"
"Sales managers","11-2022","Line item"
"Public relations and fundraising managers","11-2030","Summary"
"Public relations managers","11-2032","Line item"
"Fundraising managers","11-2033","Line item"
"Operations specialties managers","11-3000","Summary"
"Administrative services and facilities managers","11-3010","Summary"
"Administrative services managers","11-3012","Line item"
"Facilities managers","11-3013","Line item"
"Computer and information systems managers","11-3021","Line item"
"Financial managers","11-3031","Line item"
"Industrial production managers","11-3051","Line item"
"Purchasing managers","11-3061","Line item"
"Transportation, storage, and distribution managers","11-3071","Line item"
"Compensation and benefits managers","11-3111","Line item"
"Human resources managers","11-3121","Line item"
"Training and development managers","11-3131","Line item"
"Other management occupations","11-9000","Summary"
"Farmers, ranchers, and other agricultural managers","11-9013","Line item"
"Construction managers","11-9021","Line item"
"Education and childcare administrators","11-9030","Summary"
"Education and childcare administrators, preschool and daycare","11-9031","Line item"
"Education administrators, kindergarten through secondary","11-9032","Line item"
"Education administrators, postsecondary","11-9033","Line item"
"Education administrators, all other","11-9039","Line item"
"Architectural and engineering managers","11-9041","Line item"
"Food service managers","11-9051","Line item"
"Entertainment and recreation managers","11-9070","Summary"
"Gambling managers","11-9071","Line item"
"Entertainment and recreation managers, except gambling","11-9072","Line item"
"Lodging managers","11-9081","Line item"
"Medical and health services managers","11-9111","Line item"
"Natural sciences managers","11-9121","Line item"
"Postmasters and mail superintendents","11-9131","Line item"
"Property, real estate, and community association managers","11-9141","Line item"
"Social and community service managers","11-9151","Line item"
"Emergency management directors","11-9161","Line item"
"Personal service managers","11-9170","Summary"
"Funeral home managers","11-9171","Line item"
"Personal service managers, all other","11-9179","Line item"
"Managers, all other","11-9199","Line item"
"Business and financial operations occupations","13-0000","Summary"
"Business operations specialists","13-1000","Summary"
"Agents and business managers of artists, performers, and athletes","13-1011","Line item"
"Buyers and purchasing agents","13-1020","Line item"
"Claims adjusters, appraisers, examiners, and investigators","13-1030","Summary"
"Claims adjusters, examiners, and investigators","13-1031","Line item"
"Insurance appraisers, auto damage","13-1032","Line item"
"Compliance officers","13-1041","Line item"
"Cost estimators","13-1051","Line item"
"Human resources workers","13-1070","Summary"
"Human resources specialists","13-1071","Line item"
"Farm labor contractors","13-1074","Line item"
"Labor relations specialists","13-1075","Line item"
"Logisticians and project management specialists","13-1080","Summary"
"Logisticians","13-1081","Line item"
"Project management specialists","13-1082","Line item"
"Management analysts","13-1111","Line item"
"Meeting, convention, and event planners","13-1121","Line item"
"Fundraisers","13-1131","Line item"
"Compensation, benefits, and job analysis specialists","13-1141","Line item"
"Training and development specialists","13-1151","Line item"
"Market research analysts and marketing specialists","13-1161","Line item"
"Business operations specialists, all other","13-1199","Line item"
"Financial specialists","13-2000","Summary"
"Accountants and auditors","13-2011","Line item"
"Property appraisers and assessors","13-2020","Line item"
"Budget analysts","13-2031","Line item"
"Credit analysts","13-2041","Line item"
"Financial analysts and advisors","13-2050","Summary"
"Financial and investment analysts","13-2051","Line item"
"Personal financial advisors","13-2052","Line item"
"Insurance underwriters","13-2053","Line item"
"Financial risk specialists","13-2054","Line item"
"Financial examiners","13-2061","Line item"
"Credit counselors and loan officers","13-2070","Summary"
"Credit counselors","13-2071","Line item"
"Loan officers","13-2072","Line item"
"Tax examiners, collectors and preparers, and revenue agents","13-2080","Summary"
"Tax examiners and collectors, and revenue agents","13-2081","Line item"
"Tax preparers","13-2082","Line item"
"Financial specialists, all other","13-2099","Line item"
"Computer and mathematical occupations","15-0000","Summary"
"Computer occupations","15-1200","Summary"
"Computer and information analysts","15-1210","Summary"
"Computer systems analysts","15-1211","Line item"
"Information security analysts","15-1212","Line item"
"Computer and information research scientists","15-1221","Line item"
"Computer support specialists","15-1230","Summary"
"Computer network support specialists","15-1231","Line item"
"Computer user support specialists","15-1232","Line item"
"Database and network administrators and architects","15-1240","Summary"
"Computer network architects","15-1241","Line item"
"Database administrators","15-1242","Line item"
"Database architects","15-1243","Line item"
"Network and computer systems administrators","15-1244","Line item"
"Software and web developers, programmers, and testers","15-1250","Summary"
"Computer programmers","15-1251","Line item"
"Software developers","15-1252","Line item"
"Software quality assurance analysts and testers","15-1253","Line item"
"Web developers","15-1254","Line item"
"Web and digital interface designers","15-1255","Line item"
"Computer occupations, all other","15-1299","Line item"
"Mathematical science occupations","15-2000","Summary"
"Actuaries","15-2011","Line item"
"Mathematicians","15-2021","Line item"
"Operations research analysts","15-2031","Line item"
"Statisticians","15-2041","Line item"
"Data scientists","15-2051","Line item"
"Mathematical science occupations, all other","15-2099","Line item"
"Architecture and engineering occupations","17-0000","Summary"
"Architects, surveyors, and cartographers","17-1000","Summary"
"Architects, except naval","17-1010","Summary"
"Architects, except landscape and naval","17-1011","Line item"
"Landscape architects","17-1012","Line item"
"Surveyors, cartographers, and photogrammetrists","17-1020","Summary"
"Cartographers and photogrammetrists","17-1021","Line item"
"Surveyors","17-1022","Line item"
"Engineers","17-2000","Summary"
"Aerospace engineers","17-2011","Line item"
"Agricultural engineers","17-2021","Line item"
"Bioengineers and biomedical engineers","17-2031","Line item"
"Chemical engineers","17-2041","Line item"
"Civil engineers","17-2051","Line item"
"Computer hardware engineers","17-2061","Line item"
"Electrical and electronics engineers","17-2070","Summary"
"Electrical engineers","17-2071","Line item"
"Electronics engineers, except computer","17-2072","Line item"
"Environmental engineers","17-2081","Line item"
"Industrial engineers, including health and safety","17-2110","Summary"
"Health and safety engineers, except mining safety engineers and inspectors","17-2111","Line item"
"Industrial engineers","17-2112","Line item"
"Marine engineers and naval architects","17-2121","Line item"
"Materials engineers","17-2131","Line item"
"Mechanical engineers","17-2141","Line item"
"Mining and geological engineers, including mining safety engineers","17-2151","Line item"
"Nuclear engineers","17-2161","Line item"
"Petroleum engineers","17-2171","Line item"
"Engineers, all other","17-2199","Line item"
"Drafters, engineering technicians, and mapping technicians","17-3000","Summary"
"Drafters","17-3010","Summary"
"Architectural and civil drafters","17-3011","Line item"
"Electrical and electronics drafters","17-3012","Line item"
"Mechanical drafters","17-3013","Line item"
"Drafters, all other","17-3019","Line item"
"Engineering technologists and technicians, except drafters","17-3020","Summary"
"Aerospace engineering and operations technologists and technicians","17-3021","Line item"
"Civil engineering technologists and technicians","17-3022","Line item"
"Electrical and electronic engineering technologists and technicians","17-3023","Line item"
"Electro-mechanical and mechatronics technologists and technicians","17-3024","Line item"
"Environmental engineering technologists and technicians","17-3025","Line item"
"Industrial engineering technologists and technicians","17-3026","Line item"
"Mechanical engineering technologists and technicians","17-3027","Line item"
"Calibration technologists and technicians","17-3028","Line item"
"Engineering technologists and technicians, except drafters, all other","17-3029","Line item"
"Surveying and mapping technicians","17-3031","Line item"
"Life, physical, and social science occupations","19-0000","Summary"
"Life scientists","19-1000","Summary"
"Agricultural and food scientists","19-1010","Summary"
"Animal scientists","19-1011","Line item"
"Food scientists and technologists","19-1012","Line item"
"Soil and plant scientists","19-1013","Line item"
"Biological scientists","19-1020","Summary"
"Biochemists and biophysicists","19-1021","Line item"
"Microbiologists","19-1022","Line item"
"Zoologists and wildlife biologists","19-1023","Line item"
"Biological scientists, all other","19-1029","Line item"
"Conservation scientists and foresters","19-1030","Summary"
"Conservation scientists","19-1031","Line item"
"Foresters","19-1032","Line item"
"Medical scientists","19-1040","Summary"
"Epidemiologists","19-1041","Line item"
"Medical scientists, except epidemiologists","19-1042","Line item"
"Life scientists, all other","19-1099","Line item"
"Physical scientists","19-2000","Summary"
"Astronomers and physicists","19-2010","Summary"
"Astronomers","19-2011","Line item"
"Physicists","19-2012","Line item"
"Atmospheric and space scientists","19-2021","Line item"
"Chemists and materials scientists","19-2030","Summary"
"Chemists","19-2031","Line item"
"Materials scientists","19-2032","Line item"
"Environmental scientists and geoscientists","19-2040","Summary"
"Environmental scientists and specialists, including health","19-2041","Line item"
"Geoscientists, except hydrologists and geographers","19-2042","Line item"
"Hydrologists","19-2043","Line item"
"Physical scientists, all other","19-2099","Line item"
"Social scientists and related workers","19-3000","Summary"
"Economists","19-3011","Line item"
"Survey researchers","19-3022","Line item"
"Psychologists","19-3030","Summary"
"Industrial-organizational psychologists","19-3032","Line item"
"Clinical and counseling psychologists","19-3033","Line item"
"School psychologists","19-3034","Line item"
"Psychologists, all other","19-3039","Line item"
"Sociologists","19-3041","Line item"
"Urban and regional planners","19-3051","Line item"
"Miscellaneous social scientists and related workers","19-3090","Summary"
"Anthropologists and archeologists","19-3091","Line item"
"Geographers","19-3092","Line item"
"Historians","19-3093","Line item"
"Political scientists","19-3094","Line item"
"Social scientists and related workers, all other","19-3099","Line item"
"Life, physical, and social science technicians","19-4000","Summary"
"Agricultural and food science technicians","19-4010","Summary"
"Agricultural technicians","19-4012","Line item"
"Food science technicians","19-4013","Line item"
"Biological technicians","19-4021","Line item"
"Chemical technicians","19-4031","Line item"
"Environmental science and geoscience technicians","19-4040","Summary"
"Environmental science and protection technicians, including health","19-4042","Line item"
"Geological technicians, except hydrologic technicians","19-4043","Line item"
"Hydrologic technicians","19-4044","Line item"
"Nuclear technicians","19-4051","Line item"
"Social science research assistants","19-4061","Line item"
"Forest and conservation technicians","19-4071","Line item"
"Miscellaneous life, physical, and social science technicians","19-4090","Summary"
"Forensic science technicians","19-4092","Line item"
"Life, physical, and social science technicians, all other","19-4099","Line item"
"Occupational health and safety specialists and technicians","19-5000","Summary"
"Occupational health and safety specialists","19-5011","Line item"
"Occupational health and safety technicians","19-5012","Line item"
"Community and social service occupations","21-0000","Summary"
"Counselors, social workers, and other community and social service specialists","21-1000","Summary"
"Counselors","21-1010","Summary"
"Educational, guidance, and career counselors and advisors","21-1012","Line item"
"Marriage and family therapists","21-1013","Line item"
"Rehabilitation counselors","21-1015","Line item"
"Substance abuse, behavioral disorder, and mental health counselors","21-1018","Line item"
"Counselors, all other","21-1019","Line item"
"Social workers","21-1020","Summary"
"Child, family, and school social workers","21-1021","Line item"
"Healthcare social workers","21-1022","Line item"
"Mental health and substance abuse social workers","21-1023","Line item"
"Social workers, all other","21-1029","Line item"
"Miscellaneous community and social service specialists","21-1090","Summary"
"Health education specialists","21-1091","Line item"
"Probation officers and correctional treatment specialists","21-1092","Line item"
"Social and human service assistants","21-1093","Line item"
"Community health workers","21-1094","Line item"
"Community and social service specialists, all other","21-1099","Line item"
"Religious workers","21-2000","Summary"
"Clergy","21-2011","Line item"
"Directors, religious activities and education","21-2021","Line item"
"Religious workers, all other","21-2099","Line item"
"Legal occupations","23-0000","Summary"
"Lawyers, judges, and related workers","23-1000","Summary"
"Lawyers and judicial law clerks","23-1010","Summary"
"Lawyers","23-1011","Line item"
"Judicial law clerks","23-1012","Line item"
"Judges, magistrates, and other judicial workers","23-1020","Summary"
"Administrative law judges, adjudicators, and hearing officers","23-1021","Line item"
"Arbitrators, mediators, and conciliators","23-1022","Line item"
"Judges, magistrate judges, and magistrates","23-1023","Line item"
"Legal support workers","23-2000","Summary"
"Paralegals and legal assistants","23-2011","Line item"
"Miscellaneous legal support workers","23-2090","Summary"
"Title examiners, abstractors, and searchers","23-2093","Line item"
"Legal support workers, all other","23-2099","Line item"
"Educational instruction and library occupations","25-0000","Summary"
"Postsecondary teachers","25-1000","Summary"
"Business teachers, postsecondary","25-1011","Line item"
"Math and computer science teachers, postsecondary","25-1020","Summary"
"Computer science teachers, postsecondary","25-1021","Line item"
"Mathematical science teachers, postsecondary","25-1022","Line item"
"Engineering and architecture teachers, postsecondary","25-1030","Summary"
"Architecture teachers, postsecondary","25-1031","Line item"
"Engineering teachers, postsecondary","25-1032","Line item"
"Life sciences teachers, postsecondary","25-1040","Summary"
"Agricultural sciences teachers, postsecondary","25-1041","Line item"
"Biological science teachers, postsecondary","25-1042","Line item"
"Forestry and conservation science teachers, postsecondary","25-1043","Line item"
"Physical sciences teachers, postsecondary","25-1050","Summary"
"Atmospheric, earth, marine, and space sciences teachers, postsecondary","25-1051","Line item"
"Chemistry teachers, postsecondary","25-1052","Line item"
"Environmental science teachers, postsecondary","25-1053","Line item"
"Physics teachers, postsecondary","25-1054","Line item"
"Social sciences teachers, postsecondary","25-1060","Summary"
"Anthropology and archeology teachers, postsecondary","25-1061","Line item"
"Area, ethnic, and cultural studies teachers, postsecondary","25-1062","Line item"
"Economics teachers, postsecondary","25-1063","Line item"
"Geography teachers, postsecondary","25-1064","Line item"
"Political science teachers, postsecondary","25-1065","Line item"
"Psychology teachers, postsecondary","25-1066","Line item"
"Sociology teachers, postsecondary","25-1067","Line item"
"Social sciences teachers, postsecondary, all other","25-1069","Line item"
"Health teachers, postsecondary","25-1070","Summary"
"Health specialties teachers, postsecondary","25-1071","Line item"
"Nursing instructors and teachers, postsecondary","25-1072","Line item"
"Education and library science teachers, postsecondary","25-1080","Summary"
"Education teachers, postsecondary","25-1081","Line item"
"Library science teachers, postsecondary","25-1082","Line item"
"Law, criminal justice, and social work teachers, postsecondary","25-1110","Summary"
"Criminal justice and law enforcement teachers, postsecondary","25-1111","Line item"
"Law teachers, postsecondary","25-1112","Line item"
"Social work teachers, postsecondary","25-1113","Line item"
"Arts, communications, history, and humanities teachers, postsecondary","25-1120","Summary"
"Art, drama, and music teachers, postsecondary","25-1121","Line item"
"Communications teachers, postsecondary","25-1122","Line item"
"English language and literature teachers, postsecondary","25-1123","Line item"
"Foreign language and literature teachers, postsecondary","25-1124","Line item"
"History teachers, postsecondary","25-1125","Line item"
"Philosophy and religion teachers, postsecondary","25-1126","Line item"
"Miscellaneous postsecondary teachers","25-1190","Summary"
"Family and consumer sciences teachers, postsecondary","25-1192","Line item"
"Recreation and fitness studies teachers, postsecondary","25-1193","Line item"
"Career/technical education teachers, postsecondary","25-1194","Line item"
"Postsecondary teachers, all other","25-1199","Line item"
"Preschool, elementary, middle, secondary, and special education teachers","25-2000","Summary"
"Preschool and kindergarten teachers","25-2010","Summary"
"Preschool teachers, except special education","25-2011","Line item"
"Kindergarten teachers, except special education","25-2012","Line item"
"Elementary and middle school teachers","25-2020","Summary"
"Elementary school teachers, except special education","25-2021","Line item"
"Middle school teachers, except special and career/technical education","25-2022","Line item"
"Career/technical education teachers, middle school","25-2023","Line item"
"Secondary school teachers","25-2030","Summary"
"Secondary school teachers, except special and career/technical education","25-2031","Line item"
"Career/technical education teachers, secondary school","25-2032","Line item"
"Special education teachers","25-2050","Summary"
"Special education teachers, preschool","25-2051","Line item"
"Special education teachers, kindergarten and elementary school","25-2052","Line item"
"Special education teachers, middle school","25-2057","Line item"
"Special education teachers, secondary school","25-2058","Line item"
"Special education teachers, all other","25-2059","Line item"
"Other teachers and instructors","25-3000","Summary"
"Adult basic education, adult secondary education, and english as a second language instructors","25-3011","Line item"
"Self-enrichment teachers","25-3021","Line item"
"Substitute teachers, short-term","25-3031","Line item"
"Tutors","25-3041","Line item"
"Teachers and instructors, all other","25-3099","Line item"
"Librarians, curators, and archivists","25-4000","Summary"
"Archivists, curators, and museum technicians","25-4010","Summary"
"Archivists","25-4011","Line item"
"Curators","25-4012","Line item"
"Museum technicians and conservators","25-4013","Line item"
"Librarians and media collections specialists","25-4022","Line item"
"Library technicians","25-4031","Line item"
"Other educational instruction and library occupations","25-9000","Summary"
"Farm and home management educators","25-9021","Line item"
"Instructional coordinators","25-9031","Line item"
"Teaching assistants","25-9040","Summary"
"Teaching assistants, postsecondary","25-9044","Line item"
"Teaching assistants, except postsecondary","25-9045","Line item"
"Educational instruction and library workers, all other","25-9099","Line item"
"Arts, design, entertainment, sports, and media occupations","27-0000","Summary"
"Art and design workers","27-1000","Summary"
"Artists and related workers","27-1010","Summary"
"Art directors","27-1011","Line item"
"Craft artists","27-1012","Line item"
"Fine artists, including painters, sculptors, and illustrators","27-1013","Line item"
"Special effects artists and animators","27-1014","Line item"
"Artists and related workers, all other","27-1019","Line item"
"Designers","27-1020","Summary"
"Commercial and industrial designers","27-1021","Line item"
"Fashion designers","27-1022","Line item"
"Floral designers","27-1023","Line item"
"Graphic designers","27-1024","Line item"
"Interior designers","27-1025","Line item"
"Merchandise displayers and window trimmers","27-1026","Line item"
"Set and exhibit designers","27-1027","Line item"
"Designers, all other","27-1029","Line item"
"Entertainers and performers, sports and related workers","27-2000","Summary"
"Actors, producers, and directors","27-2010","Summary"
"Actors","27-2011","Line item"
"Producers and directors","27-2012","Line item"
"Athletes, coaches, umpires, and related workers","27-2020","Summary"
"Athletes and sports competitors","27-2021","Line item"
"Coaches and scouts","27-2022","Line item"
"Umpires, referees, and other sports officials","27-2023","Line item"
"Dancers and choreographers","27-2030","Summary"
"Dancers","27-2031","Line item"
"Choreographers","27-2032","Line item"
"Musicians, singers, and related workers","27-2040","Summary"
"Music directors and composers","27-2041","Line item"
"Musicians and singers","27-2042","Line item"
"Miscellaneous entertainers and performers, sports and related workers","27-2090","Summary"
"Disc jockeys, except radio","27-2091","Line item"
"Entertainers and performers, sports and related workers, all other","27-2099","Line item"
"Media and communication workers","27-3000","Summary"
"Broadcast announcers and radio disc jockeys","27-3011","Line item"
"News analysts, reporters, and journalists","27-3023","Line item"
"Public relations specialists","27-3031","Line item"
"Writers and editors","27-3040","Summary"
"Editors","27-3041","Line item"
"Technical writers","27-3042","Line item"
"Writers and authors","27-3043","Line item"
"Miscellaneous media and communication workers","27-3090","Summary"
"Interpreters and translators","27-3091","Line item"
"Court reporters and simultaneous captioners","27-3092","Line item"
"Media and communication workers, all other","27-3099","Line item"
"Media and communication equipment workers","27-4000","Summary"
"Broadcast, sound, and lighting technicians","27-4010","Summary"
"Audio and video technicians","27-4011","Line item"
"Broadcast technicians","27-4012","Line item"
"Sound engineering technicians","27-4014","Line item"
"Lighting technicians","27-4015","Line item"
"Photographers","27-4021","Line item"
"Television, video, and film camera operators and editors","27-4030","Summary"
"Camera operators, television, video, and film","27-4031","Line item"
"Film and video editors","27-4032","Line item"
"Media and communication equipment workers, all other","27-4099","Line item"
"Healthcare practitioners and technical occupations","29-0000","Summary"
"Healthcare diagnosing or treating practitioners","29-1000","Summary"
"Chiropractors","29-1011","Line item"
"Dentists","29-1020","Summary"
"Dentists, general","29-1021","Line item"
"Oral and maxillofacial surgeons","29-1022","Line item"
"Orthodontists","29-1023","Line item"
"Prosthodontists","29-1024","Line item"
"Dentists, all other specialists","29-1029","Line item"
"Dietitians and nutritionists","29-1031","Line item"
"Optometrists","29-1041","Line item"
"Pharmacists","29-1051","Line item"
"Physician assistants","29-1071","Line item"
"Podiatrists","29-1081","Line item"
"Therapists","29-1120","Summary"
"Occupational therapists","29-1122","Line item"
"Physical therapists","29-1123","Line item"
"Radiation therapists","29-1124","Line item"
"Recreational therapists","29-1125","Line item"
"Respiratory therapists","29-1126","Line item"
"Speech-language pathologists","29-1127","Line item"
"Exercise physiologists","29-1128","Line item"
"Therapists, all other","29-1129","Line item"
"Veterinarians","29-1131","Line item"
"Registered nurses","29-1141","Line item"
"Nurse anesthetists","29-1151","Line item"
"Nurse midwives","29-1161","Line item"
"Nurse practitioners","29-1171","Line item"
"Audiologists","29-1181","Line item"
"Physicians","29-1210","Summary"
"Anesthesiologists","29-1211","Line item"
"Cardiologists","29-1212","Line item"
"Dermatologists","29-1213","Line item"
"Emergency medicine physicians","29-1214","Line item"
"Family medicine physicians","29-1215","Line item"
"General internal medicine physicians","29-1216","Line item"
"Neurologists","29-1217","Line item"
"Obstetricians and gynecologists","29-1218","Line item"
"Pediatricians, general","29-1221","Line item"
"Physicians, pathologists","29-1222","Line item"
"Psychiatrists","29-1223","Line item"
"Radiologists","29-1224","Line item"
"Physicians, all other","29-1229","Line item"
"Surgeons","29-1240","Summary"
"Ophthalmologists, except pediatric","29-1241","Line item"
"Orthopedic surgeons, except pediatric","29-1242","Line item"
"Pediatric surgeons","29-1243","Line item"
"Surgeons, all other","29-1249","Line item"
"Miscellaneous healthcare diagnosing or treating practitioners","29-1290","Summary"
"Acupuncturists","29-1291","Line item"
"Dental hygienists","29-1292","Line item"
"Healthcare diagnosing or treating practitioners, all other","29-1299","Line item"
"Health technologists and technicians","29-2000","Summary"
"Clinical laboratory technologists and technicians","29-2010","Line item"
"Diagnostic related technologists and technicians","29-2030","Summary"
"Cardiovascular technologists and technicians","29-2031","Line item"
"Diagnostic medical sonographers","29-2032","Line item"
"Nuclear medicine technologists","29-2033","Line item"
"Radiologic technologists and technicians","29-2034","Line item"
"Magnetic resonance imaging technologists","29-2035","Line item"
"Medical dosimetrists","29-2036","Line item"
"Emergency medical technicians and paramedics","29-2040","Summary"
"Emergency medical technicians","29-2042","Line item"
"Paramedics","29-2043","Line item"
"Health practitioner support technologists and technicians","29-2050","Summary"
"Dietetic technicians","29-2051","Line item"
"Pharmacy technicians","29-2052","Line item"
"Psychiatric technicians","29-2053","Line item"
"Surgical technologists","29-2055","Line item"
"Veterinary technologists and technicians","29-2056","Line item"
"Ophthalmic medical technicians","29-2057","Line item"
"Licensed practical and licensed vocational nurses","29-2061","Line item"
"Medical records specialists","29-2072","Line item"
"Opticians, dispensing","29-2081","Line item"
"Miscellaneous health technologists and technicians","29-2090","Summary"
"Orthotists and prosthetists","29-2091","Line item"
"Hearing aid specialists","29-2092","Line item"
"Health technologists and technicians, all other","29-2099","Line item"
"Other healthcare practitioners and technical occupations","29-9000","Summary"
"Health information technologists and medical registrars","29-9021","Line item"
"Miscellaneous health practitioners and technical workers","29-9090","Summary"
"Athletic trainers","29-9091","Line item"
"Genetic counselors","29-9092","Line item"
"Surgical assistants","29-9093","Line item"
"Healthcare practitioners and technical workers, all other","29-9099","Line item"
"Healthcare support occupations","31-0000","Summary"
"Home health and personal care aides; and nursing assistants, orderlies, and psychiatric aides","31-1100","Summary"
"Home health and personal care aides","31-1120","Line item"
"Nursing assistants, orderlies, and psychiatric aides","31-1130","Summary"
"Nursing assistants","31-1131","Line item"
"Orderlies","31-1132","Line item"
"Psychiatric aides","31-1133","Line item"
"Occupational therapy and physical therapist assistants and aides","31-2000","Summary"
"Occupational therapy assistants and aides","31-2010","Summary"
"Occupational therapy assistants","31-2011","Line item"
"Occupational therapy aides","31-2012","Line item"
"Physical therapist assistants and aides","31-2020","Summary"
"Physical therapist assistants","31-2021","Line item"
"Physical therapist aides","31-2022","Line item"
"Other healthcare support occupations","31-9000","Summary"
"Massage therapists","31-9011","Line item"
"Miscellaneous healthcare support occupations","31-9090","Summary"
"Dental assistants","31-9091","Line item"
"Medical assistants","31-9092","Line item"
"Medical equipment preparers","31-9093","Line item"
"Medical transcriptionists","31-9094","Line item"
"Pharmacy aides","31-9095","Line item"
"Veterinary assistants and laboratory animal caretakers","31-9096","Line item"
"Phlebotomists","31-9097","Line item"
"Healthcare support workers, all other","31-9099","Line item"
"Protective service occupations","33-0000","Summary"
"Supervisors of protective service workers","33-1000","Summary"
"First-line supervisors of law enforcement workers","33-1010","Summary"
"First-line supervisors of correctional officers","33-1011","Line item"
"First-line supervisors of police and detectives","33-1012","Line item"
"First-line supervisors of firefighting and prevention workers","33-1021","Line item"
"Miscellaneous first-line supervisors, protective service workers","33-1090","Summary"
"First-line supervisors of security workers","33-1091","Line item"
"First-line supervisors of protective service workers, all other","33-1099","Line item"
"Firefighting and prevention workers","33-2000","Summary"
"Firefighters","33-2011","Line item"
"Fire inspectors","33-2020","Summary"
"Fire inspectors and investigators","33-2021","Line item"
"Forest fire inspectors and prevention specialists","33-2022","Line item"
"Law enforcement workers","33-3000","Summary"
"Bailiffs, correctional officers, and jailers","33-3010","Summary"
"Bailiffs","33-3011","Line item"
"Correctional officers and jailers","33-3012","Line item"
"Detectives and criminal investigators","33-3021","Line item"
"Fish and game wardens","33-3031","Line item"
"Parking enforcement workers","33-3041","Line item"
"Police officers","33-3050","Summary"
"Police and sheriff's patrol officers","33-3051","Line item"
"Transit and railroad police","33-3052","Line item"
"Other protective service workers","33-9000","Summary"
"Animal control workers","33-9011","Line item"
"Private detectives and investigators","33-9021","Line item"
"Security guards and gambling surveillance officers","33-9030","Summary"
"Gambling surveillance officers and gambling investigators","33-9031","Line item"
"Security guards","33-9032","Line item"
"Miscellaneous protective service workers","33-9090","Summary"
"Crossing guards and flaggers","33-9091","Line item"
"Lifeguards, ski patrol, and other recreational protective service workers","33-9092","Line item"
"Transportation security screeners","33-9093","Line item"
"School bus monitors","33-9094","Line item"
"Protective service workers, all other","33-9099","Line item"
"Food preparation and serving related occupations","35-0000","Summary"
"Supervisors of food preparation and serving workers","35-1000","Summary"
"Chefs and head cooks","35-1011","Line item"
"First-line supervisors of food preparation and serving workers","35-1012","Line item"
"Cooks and food preparation workers","35-2000","Summary"
"Cooks","35-2010","Summary"
"Cooks, fast food","35-2011","Line item"
"Cooks, institution and cafeteria","35-2012","Line item"
"Cooks, private household","35-2013","Line item"
"Cooks, restaurant","35-2014","Line item"
"Cooks, short order","35-2015","Line item"
"Cooks, all other","35-2019","Line item"
"Food preparation workers","35-2021","Line item"
"Food and beverage serving workers","35-3000","Summary"
"Bartenders","35-3011","Line item"
"Fast food and counter workers","35-3023","Line item"
"Waiters and waitresses","35-3031","Line item"
"Food servers, nonrestaurant","35-3041","Line item"
"Other food preparation and serving related workers","35-9000","Summary"
"Dining room and cafeteria attendants and bartender helpers","35-9011","Line item"
"Dishwashers","35-9021","Line item"
"Hosts and hostesses, restaurant, lounge, and coffee shop","35-9031","Line item"
"Food preparation and serving related workers, all other","35-9099","Line item"
"Building and grounds cleaning and maintenance occupations","37-0000","Summary"
"Supervisors of building and grounds cleaning and maintenance workers","37-1000","Summary"
"First-line supervisors of housekeeping and janitorial workers","37-1011","Line item"
"First-line supervisors of landscaping, lawn service, and groundskeeping workers","37-1012","Line item"
"Building cleaning and pest control workers","37-2000","Summary"
"Building cleaning workers","37-2010","Summary"
"Janitors and cleaners, except maids and housekeeping cleaners","37-2011","Line item"
"Maids and housekeeping cleaners","37-2012","Line item"
"Building cleaning workers, all other","37-2019","Line item"
"Pest control workers","37-2021","Line item"
"Grounds maintenance workers","37-3000","Summary"
"Landscaping and groundskeeping workers","37-3011","Line item"
"Pesticide handlers, sprayers, and applicators, vegetation","37-3012","Line item"
"Tree trimmers and pruners","37-3013","Line item"
"Grounds maintenance workers, all other","37-3019","Line item"
"Personal care and service occupations","39-0000","Summary"
"Supervisors of personal care and service workers","39-1000","Summary"
"First-line supervisors of entertainment and recreation workers","39-1010","Summary"
"First-line supervisors of gambling services workers","39-1013","Line item"
"First-line supervisors of entertainment and recreation workers, except gambling services","39-1014","Line item"
"First-line supervisors of personal service workers","39-1022","Line item"
"Animal care and service workers","39-2000","Summary"
"Animal trainers","39-2011","Line item"
"Animal caretakers","39-2021","Line item"
"Entertainment attendants and related workers","39-3000","Summary"
"Gambling services workers","39-3010","Summary"
"Gambling dealers","39-3011","Line item"
"Gambling and sports book writers and runners","39-3012","Line item"
"Gambling service workers, all other","39-3019","Line item"
"Motion picture projectionists","39-3021","Line item"
"Ushers, lobby attendants, and ticket takers","39-3031","Line item"
"Miscellaneous entertainment attendants and related workers","39-3090","Summary"
"Amusement and recreation attendants","39-3091","Line item"
"Costume attendants","39-3092","Line item"
"Locker room, coatroom, and dressing room attendants","39-3093","Line item"
"Entertainment attendants and related workers, all other","39-3099","Line item"
"Funeral service workers","39-4000","Summary"
"Embalmers and crematory operators","39-4010","Summary"
"Embalmers","39-4011","Line item"
"Crematory operators","39-4012","Line item"
"Funeral attendants","39-4021","Line item"
"Morticians, undertakers, and funeral arrangers","39-4031","Line item"
"Personal appearance workers","39-5000","Summary"
"Barbers, hairdressers, hairstylists and cosmetologists","39-5010","Summary"
"Barbers","39-5011","Line item"
"Hairdressers, hairstylists, and cosmetologists","39-5012","Line item"
"Miscellaneous personal appearance workers","39-5090","Summary"
"Makeup artists, theatrical and performance","39-5091","Line item"
"Manicurists and pedicurists","39-5092","Line item"
"Shampooers","39-5093","Line item"
"Skincare specialists","39-5094","Line item"
"Baggage porters, bellhops, and concierges","39-6000","Summary"
"Baggage porters and bellhops","39-6011","Line item"
"Concierges","39-6012","Line item"
"Tour and travel guides","39-7000","Summary"
"Tour and travel guides","39-7010","Line item"
"Other personal care and service workers","39-9000","Summary"
"Childcare workers","39-9011","Line item"
"Recreation and fitness workers","39-9030","Summary"
"Exercise trainers and group fitness instructors","39-9031","Line item"
"Recreation workers","39-9032","Line item"
"Residential advisors","39-9041","Line item"
"Personal care and service workers, all other","39-9099","Line item"
"Sales and related occupations","41-0000","Summary"
"Supervisors of sales workers","41-1000","Summary"
"First-line supervisors of retail sales workers","41-1011","Line item"
"First-line supervisors of non-retail sales workers","41-1012","Line item"
"Retail sales workers","41-2000","Summary"
"Cashiers","41-2010","Summary"
"Cashiers","41-2011","Line item"
"Gambling change persons and booth cashiers","41-2012","Line item"
"Counter and rental clerks and parts salespersons","41-2020","Summary"
"Counter and rental clerks","41-2021","Line item"
"Parts salespersons","41-2022","Line item"
"Retail salespersons","41-2031","Line item"
"Sales representatives, services","41-3000","Summary"
"Advertising sales agents","41-3011","Line item"
"Insurance sales agents","41-3021","Line item"
"Securities, commodities, and financial services sales agents","41-3031","Line item"
"Travel agents","41-3041","Line item"
"Sales representatives of services, except advertising, insurance, financial services, and travel","41-3091","Line item"
"Sales representatives, wholesale and manufacturing","41-4000","Summary"
"Sales representatives, wholesale and manufacturing, technical and scientific products","41-4011","Line item"
"Sales representatives, wholesale and manufacturing, except technical and scientific products","41-4012","Line item"
"Other sales and related workers","41-9000","Summary"
"Models, demonstrators, and product promoters","41-9010","Summary"
"Demonstrators and product promoters","41-9011","Line item"
"Models","41-9012","Line item"
"Real estate brokers and sales agents","41-9020","Summary"
"Real estate brokers","41-9021","Line item"
"Real estate sales agents","41-9022","Line item"
"Sales engineers","41-9031","Line item"
"Telemarketers","41-9041","Line item"
"Miscellaneous sales and related workers","41-9090","Summary"
"Door-to-door sales workers, news and street vendors, and related workers","41-9091","Line item"
"Sales and related workers, all other","41-9099","Line item"
"Office and administrative support occupations","43-0000","Summary"
"Supervisors of office and administrative support workers","43-1000","Summary"
"First-line supervisors of office and administrative support workers","43-1011","Line item"
"Communications equipment operators","43-2000","Summary"
"Switchboard operators, including answering service","43-2011","Line item"
"Telephone operators","43-2021","Line item"
"Communications equipment operators, all other","43-2099","Line item"
"Financial clerks","43-3000","Summary"
"Bill and account collectors","43-3011","Line item"
"Billing and posting clerks","43-3021","Line item"
"Bookkeeping, accounting, and auditing clerks","43-3031","Line item"
"Gambling cage workers","43-3041","Line item"
"Payroll and timekeeping clerks","43-3051","Line item"
"Procurement clerks","43-3061","Line item"
"Tellers","43-3071","Line item"
"Financial clerks, all other","43-3099","Line item"
"Information and record clerks","43-4000","Summary"
"Brokerage clerks","43-4011","Line item"
"Correspondence clerks","43-4021","Line item"
"Court, municipal, and license clerks","43-4031","Line item"
"Credit authorizers, checkers, and clerks","43-4041","Line item"
"Customer service representatives","43-4051","Line item"
"Eligibility interviewers, government programs","43-4061","Line item"
"File clerks","43-4071","Line item"
"Hotel, motel, and resort desk clerks","43-4081","Line item"
"Interviewers, except eligibility and loan","43-4111","Line item"
"Library assistants, clerical","43-4121","Line item"
"Loan interviewers and clerks","43-4131","Line item"
"New accounts clerks","43-4141","Line item"
"Order clerks","43-4151","Line item"
"Human resources assistants, except payroll and timekeeping","43-4161","Line item"
"Receptionists and information clerks","43-4171","Line item"
"Reservation and transportation ticket agents and travel clerks","43-4181","Line item"
"Information and record clerks, all other","43-4199","Line item"
"Material recording, scheduling, dispatching, and distributing workers","43-5000","Summary"
"Cargo and freight agents","43-5011","Line item"
"Couriers and messengers","43-5021","Line item"
"Dispatchers","43-5030","Summary"
"Public safety telecommunicators","43-5031","Line item"
"Dispatchers, except police, fire, and ambulance","43-5032","Line item"
"Meter readers, utilities","43-5041","Line item"
"Postal service workers","43-5050","Summary"
"Postal service clerks","43-5051","Line item"
"Postal service mail carriers","43-5052","Line item"
"Postal service mail sorters, processors, and processing machine operators","43-5053","Line item"
"Production, planning, and expediting clerks","43-5061","Line item"
"Shipping, receiving, and inventory clerks","43-5071","Line item"
"Weighers, measurers, checkers, and samplers, recordkeeping","43-5111","Line item"
"Secretaries and administrative assistants","43-6000","Summary"
"Executive secretaries and executive administrative assistants","43-6011","Line item"
"Legal secretaries and administrative assistants","43-6012","Line item"
"Medical secretaries and administrative assistants","43-6013","Line item"
"Secretaries and administrative assistants, except legal, medical, and executive","43-6014","Line item"
"Other office and administrative support workers","43-9000","Summary"
"Data entry and information processing workers","43-9020","Summary"
"Data entry keyers","43-9021","Line item"
"Word processors and typists","43-9022","Line item"
"Desktop publishers","43-9031","Line item"
"Insurance claims and policy processing clerks","43-9041","Line item"
"Mail clerks and mail machine operators, except postal service","43-9051","Line item"
"Office clerks, general","43-9061","Line item"
"Office machine operators, except computer","43-9071","Line item"
"Proofreaders and copy markers","43-9081","Line item"
"Statistical assistants","43-9111","Line item"
"Office and administrative support workers, all other","43-9199","Line item"
"Farming, fishing, and forestry occupations","45-0000","Summary"
"Supervisors of farming, fishing, and forestry workers","45-1000","Summary"
"First-line supervisors of farming, fishing, and forestry workers","45-1011","Line item"
"Agricultural workers","45-2000","Summary"
"Agricultural inspectors","45-2011","Line item"
"Animal breeders","45-2021","Line item"
"Graders and sorters, agricultural products","45-2041","Line item"
"Miscellaneous agricultural workers","45-2090","Summary"
"Agricultural equipment operators","45-2091","Line item"
"Farmworkers and laborers, crop, nursery, and greenhouse","45-2092","Line item"
"Farmworkers, farm, ranch, and aquacultural animals","45-2093","Line item"
"Agricultural workers, all other","45-2099","Line item"
"Fishing and hunting workers","45-3000","Summary"
"Fishing and hunting workers","45-3031","Line item"
"Forest, conservation, and logging workers","45-4000","Summary"
"Forest and conservation workers","45-4011","Line item"
"Logging workers","45-4020","Summary"
"Fallers","45-4021","Line item"
"Logging equipment operators","45-4022","Line item"
"Log graders and scalers","45-4023","Line item"
"Logging workers, all other","45-4029","Line item"
"Construction and extraction occupations","47-0000","Summary"
"Supervisors of construction and extraction workers","47-1000","Summary"
"First-line supervisors of construction trades and extraction workers","47-1011","Line item"
"Construction trades workers","47-2000","Summary"
"Boilermakers","47-2011","Line item"
"Brickmasons, blockmasons, and stonemasons","47-2020","Summary"
"Brickmasons and blockmasons","47-2021","Line item"
"Stonemasons","47-2022","Line item"
"Carpenters","47-2031","Line item"
"Carpet, floor, and tile installers and finishers","47-2040","Summary"
"Carpet installers","47-2041","Line item"
"Floor layers, except carpet, wood, and hard tiles","47-2042","Line item"
"Floor sanders and finishers","47-2043","Line item"
"Tile and stone setters","47-2044","Line item"
"Cement masons, concrete finishers, and terrazzo workers","47-2050","Summary"
"Cement masons and concrete finishers","47-2051","Line item"
"Terrazzo workers and finishers","47-2053","Line item"
"Construction laborers","47-2061","Line item"
"Construction equipment operators","47-2070","Summary"
"Paving, surfacing, and tamping equipment operators","47-2071","Line item"
"Pile driver operators","47-2072","Line item"
"Operating engineers and other construction equipment operators","47-2073","Line item"
"Drywall installers, ceiling tile installers, and tapers","47-2080","Summary"
"Drywall and ceiling tile installers","47-2081","Line item"
"Tapers","47-2082","Line item"
"Electricians","47-2111","Line item"
"Glaziers","47-2121","Line item"
"Insulation workers","47-2130","Summary"
"Insulation workers, floor, ceiling, and wall","47-2131","Line item"
"Insulation workers, mechanical","47-2132","Line item"
"Painters and paperhangers","47-2140","Summary"
"Painters, construction and maintenance","47-2141","Line item"
"Paperhangers","47-2142","Line item"
"Pipelayers, plumbers, pipefitters, and steamfitters","47-2150","Summary"
"Pipelayers","47-2151","Line item"
"Plumbers, pipefitters, and steamfitters","47-2152","Line item"
"Plasterers and stucco masons","47-2161","Line item"
"Reinforcing iron and rebar workers","47-2171","Line item"
"Roofers","47-2181","Line item"
"Sheet metal workers","47-2211","Line item"
"Structural iron and steel workers","47-2221","Line item"
"Solar photovoltaic installers","47-2231","Line item"
"Helpers, construction trades","47-3000","Summary"
"Helpers--brickmasons, blockmasons, stonemasons, and tile and marble setters","47-3011","Line item"
"Helpers--carpenters","47-3012","Line item"
"Helpers--electricians","47-3013","Line item"
"Helpers--painters, paperhangers, plasterers, and stucco masons","47-3014","Line item"
"Helpers--pipelayers, plumbers, pipefitters, and steamfitters","47-3015","Line item"
"Helpers--roofers","47-3016","Line item"
"Helpers, construction trades, all other","47-3019","Line item"
"Other construction and related workers","47-4000","Summary"
"Construction and building inspectors","47-4011","Line item"
"Elevator and escalator installers and repairers","47-4021","Line item"
"Fence erectors","47-4031","Line item"
"Hazardous materials removal workers","47-4041","Line item"
"Highway maintenance workers","47-4051","Line item"
"Rail-track laying and maintenance equipment operators","47-4061","Line item"
"Septic tank servicers and sewer pipe cleaners","47-4071","Line item"
"Miscellaneous construction and related workers","47-4090","Line item"
"Extraction workers","47-5000","Summary"
"Derrick, rotary drill, and service unit operators, oil and gas","47-5010","Summary"
"Derrick operators, oil and gas","47-5011","Line item"
"Rotary drill operators, oil and gas","47-5012","Line item"
"Service unit operators, oil and gas","47-5013","Line item"
"Surface mining machine operators and earth drillers","47-5020","Summary"
"Excavating and loading machine and dragline operators, surface mining","47-5022","Line item"
"Earth drillers, except oil and gas","47-5023","Line item"
"Explosives workers, ordnance handling experts, and blasters","47-5032","Line item"
"Underground mining machine operators","47-5040","Summary"
"Continuous mining machine operators","47-5041","Line item"
"Roof bolters, mining","47-5043","Line item"
"Loading and moving machine operators, underground mining","47-5044","Line item"
"Underground mining machine operators, all other","47-5049","Line item"
"Rock splitters, quarry","47-5051","Line item"
"Roustabouts, oil and gas","47-5071","Line item"
"Helpers--extraction workers","47-5081","Line item"
"Extraction workers, all other","47-5099","Line item"
"Installation, maintenance, and repair occupations","49-0000","Summary"
"Supervisors of installation, maintenance, and repair workers","49-1000","Summary"
"First-line supervisors of mechanics, installers, and repairers","49-1011","Line item"
"Electrical and electronic equipment mechanics, installers, and repairers","49-2000","Summary"
"Computer, automated teller, and office machine repairers","49-2011","Line item"
"Radio and telecommunications equipment installers and repairers","49-2020","Summary"
"Radio, cellular, and tower equipment installers and repairers","49-2021","Line item"
"Telecommunications equipment installers and repairers, except line installers","49-2022","Line item"
"Miscellaneous electrical and electronic equipment mechanics, installers, and repairers","49-2090","Summary"
"Avionics technicians","49-2091","Line item"
"Electric motor, power tool, and related repairers","49-2092","Line item"
"Electrical and electronics installers and repairers, transportation equipment","49-2093","Line item"
"Electrical and electronics repairers, commercial and industrial equipment","49-2094","Line item"
"Electrical and electronics repairers, powerhouse, substation, and relay","49-2095","Line item"
"Electronic equipment installers and repairers, motor vehicles","49-2096","Line item"
"Audiovisual equipment installers and repairers","49-2097","Line item"
"Security and fire alarm systems installers","49-2098","Line item"
"Vehicle and mobile equipment mechanics, installers, and repairers","49-3000","Summary"
"Aircraft mechanics and service technicians","49-3011","Line item"
"Automotive technicians and repairers","49-3020","Summary"
"Automotive body and related repairers","49-3021","Line item"
"Automotive glass installers and repairers","49-3022","Line item"
"Automotive service technicians and mechanics","49-3023","Line item"
"Bus and truck mechanics and diesel engine specialists","49-3031","Line item"
"Heavy vehicle and mobile equipment service technicians and mechanics","49-3040","Summary"
"Farm equipment mechanics and service technicians","49-3041","Line item"
"Mobile heavy equipment mechanics, except engines","49-3042","Line item"
"Rail car repairers","49-3043","Line item"
"Small engine mechanics","49-3050","Summary"
"Motorboat mechanics and service technicians","49-3051","Line item"
"Motorcycle mechanics","49-3052","Line item"
"Outdoor power equipment and other small engine mechanics","49-3053","Line item"
"Miscellaneous vehicle and mobile equipment mechanics, installers, and repairers","49-3090","Summary"
"Bicycle repairers","49-3091","Line item"
"Recreational vehicle service technicians","49-3092","Line item"
"Tire repairers and changers","49-3093","Line item"
"Other installation, maintenance, and repair occupations","49-9000","Summary"
"Control and valve installers and repairers","49-9010","Summary"
"Mechanical door repairers","49-9011","Line item"
"Control and valve installers and repairers, except mechanical door","49-9012","Line item"
"Heating, air conditioning, and refrigeration mechanics and installers","49-9021","Line item"
"Home appliance repairers","49-9031","Line item"
"Industrial machinery installation, repair, and maintenance workers","49-9040","Summary"
"Industrial machinery mechanics","49-9041","Line item"
"Maintenance workers, machinery","49-9043","Line item"
"Millwrights","49-9044","Line item"
"Refractory materials repairers, except brickmasons","49-9045","Line item"
"Line installers and repairers","49-9050","Summary"
"Electrical power-line installers and repairers","49-9051","Line item"
"Telecommunications line installers and repairers","49-9052","Line item"
"Precision instrument and equipment repairers","49-9060","Summary"
"Camera and photographic equipment repairers","49-9061","Line item"
"Medical equipment repairers","49-9062","Line item"
"Musical instrument repairers and tuners","49-9063","Line item"
"Watch and clock repairers","49-9064","Line item"
"Precision instrument and equipment repairers, all other","49-9069","Line item"
"Maintenance and repair workers, general","49-9071","Line item"
"Wind turbine service technicians","49-9081","Line item"
"Miscellaneous installation, maintenance, and repair workers","49-9090","Summary"
"Coin, vending, and amusement machine servicers and repairers","49-9091","Line item"
"Commercial divers","49-9092","Line item"
"Locksmiths and safe repairers","49-9094","Line item"
"Manufactured building and mobile home installers","49-9095","Line item"
"Riggers","49-9096","Line item"
"Signal and track switch repairers","49-9097","Line item"
"Helpers--installation, maintenance, and repair workers","49-9098","Line item"
"Installation, maintenance, and repair workers, all other","49-9099","Line item"
"Production occupations","51-0000","Summary"
"Supervisors of production workers","51-1000","Summary"
"First-line supervisors of production and operating workers","51-1011","Line item"
"Assemblers and fabricators","51-2000","Summary"
"Aircraft structure, surfaces, rigging, and systems assemblers","51-2011","Line item"
"Electrical, electronics, and electromechanical assemblers","51-2020","Summary"
"Coil winders, tapers, and finishers","51-2021","Line item"
"Electrical, electronic, and electromechanical assemblers, except coil winders, tapers, and finishers","51-2028","Line item"
"Engine and other machine assemblers","51-2031","Line item"
"Structural metal fabricators and fitters","51-2041","Line item"
"Fiberglass laminators and fabricators","51-2051","Line item"
"Timing device assemblers and adjusters","51-2061","Line item"
"Miscellaneous assemblers and fabricators","51-2090","Line item"
"Food processing workers","51-3000","Summary"
"Bakers","51-3011","Line item"
"Butchers and other meat, poultry, and fish processing workers","51-3020","Summary"
"Butchers and meat cutters","51-3021","Line item"
"Meat, poultry, and fish cutters and trimmers","51-3022","Line item"
"Slaughterers and meat packers","51-3023","Line item"
"Miscellaneous food processing workers","51-3090","Summary"
"Food and tobacco roasting, baking, and drying machine operators and tenders","51-3091","Line item"
"Food batchmakers","51-3092","Line item"
"Food cooking machine operators and tenders","51-3093","Line item"
"Food processing workers, all other","51-3099","Line item"
"Metal workers and plastic workers","51-4000","Summary"
"Forming machine setters, operators, and tenders, metal and plastic","51-4020","Summary"
"Extruding and drawing machine setters, operators, and tenders, metal and plastic","51-4021","Line item"
"Forging machine setters, operators, and tenders, metal and plastic","51-4022","Line item"
"Rolling machine setters, operators, and tenders, metal and plastic","51-4023","Line item"
"Machine tool cutting setters, operators, and tenders, metal and plastic","51-4030","Summary"
"Cutting, punching, and press machine setters, operators, and tenders, metal and plastic","51-4031","Line item"
"Drilling and boring machine tool setters, operators, and tenders, metal and plastic","51-4032","Line item"
"Grinding, lapping, polishing, and buffing machine tool setters, operators, and tenders, metal and plastic","51-4033","Line item"
"Lathe and turning machine tool setters, operators, and tenders, metal and plastic","51-4034","Line item"
"Milling and planing machine setters, operators, and tenders, metal and plastic","51-4035","Line item"
"Machinists","51-4041","Line item"
"Metal furnace operators, tenders, pourers, and casters","51-4050","Summary"
"Metal-refining furnace operators and tenders","51-4051","Line item"
"Pourers and casters, metal","51-4052","Line item"
"Model makers and patternmakers, metal and plastic","51-4060","Summary"
"Model makers, metal and plastic","51-4061","Line item"
"Patternmakers, metal and plastic","51-4062","Line item"
"Molders and molding machine setters, operators, and tenders, metal and plastic","51-4070","Summary"
"Foundry mold and coremakers","51-4071","Line item"
"Molding, coremaking, and casting machine setters, operators, and tenders, metal and plastic","51-4072","Line item"
"Multiple machine tool setters, operators, and tenders, metal and plastic","51-4081","Line item"
"Tool and die makers","51-4111","Line item"
"Welding, soldering, and brazing workers","51-4120","Summary"
"Welders, cutters, solderers, and brazers","51-4121","Line item"
"Welding, soldering, and brazing machine setters, operators, and tenders","51-4122","Line item"
"Miscellaneous metal workers and plastic workers","51-4190","Summary"
"Heat treating equipment setters, operators, and tenders, metal and plastic","51-4191","Line item"
"Layout workers, metal and plastic","51-4192","Line item"
"Plating machine setters, operators, and tenders, metal and plastic","51-4193","Line item"
"Tool grinders, filers, and sharpeners","51-4194","Line item"
"Metal workers and plastic workers, all other","51-4199","Line item"
"Printing workers","51-5100","Summary"
"Prepress technicians and workers","51-5111","Line item"
"Printing press operators","51-5112","Line item"
"Print binding and finishing workers","51-5113","Line item"
"Textile, apparel, and furnishings workers","51-6000","Summary"
"Laundry and dry-cleaning workers","51-6011","Line item"
"Pressers, textile, garment, and related materials","51-6021","Line item"
"Sewing machine operators","51-6031","Line item"
"Shoe and leather workers","51-6040","Summary"
"Shoe and leather workers and repairers","51-6041","Line item"
"Shoe machine operators and tenders","51-6042","Line item"
"Tailors, dressmakers, and sewers","51-6050","Summary"
"Sewers, hand","51-6051","Line item"
"Tailors, dressmakers, and custom sewers","51-6052","Line item"
"Textile machine setters, operators, and tenders","51-6060","Summary"
"Textile bleaching and dyeing machine operators and tenders","51-6061","Line item"
"Textile cutting machine setters, operators, and tenders","51-6062","Line item"
"Textile knitting and weaving machine setters, operators, and tenders","51-6063","Line item"
"Textile winding, twisting, and drawing out machine setters, operators, and tenders","51-6064","Line item"
"Miscellaneous textile, apparel, and furnishings workers","51-6090","Summary"
"Extruding and forming machine setters, operators, and tenders, synthetic and glass fibers","51-6091","Line item"
"Fabric and apparel patternmakers","51-6092","Line item"
"Upholsterers","51-6093","Line item"
"Textile, apparel, and furnishings workers, all other","51-6099","Line item"
"Woodworkers","51-7000","Summary"
"Cabinetmakers and bench carpenters","51-7011","Line item"
"Furniture finishers","51-7021","Line item"
"Model makers and patternmakers, wood","51-7030","Summary"
"Model makers, wood","51-7031","Line item"
"Patternmakers, wood","51-7032","Line item"
"Woodworking machine setters, operators, and tenders","51-7040","Summary"
"Sawing machine setters, operators, and tenders, wood","51-7041","Line item"
"Woodworking machine setters, operators, and tenders, except sawing","51-7042","Line item"
"Woodworkers, all other","51-7099","Line item"
"Plant and system operators","51-8000","Summary"
"Power plant operators, distributors, and dispatchers","51-8010","Summary"
"Nuclear power reactor operators","51-8011","Line item"
"Power distributors and dispatchers","51-8012","Line item"
"Power plant operators","51-8013","Line item"
"Stationary engineers and boiler operators","51-8021","Line item"
"Water and wastewater treatment plant and system operators","51-8031","Line item"
"Miscellaneous plant and system operators","51-8090","Summary"
"Chemical plant and system operators","51-8091","Line item"
"Gas plant operators","51-8092","Line item"
"Petroleum pump system operators, refinery operators, and gaugers","51-8093","Line item"
"Plant and system operators, all other","51-8099","Line item"
"Other production occupations","51-9000","Summary"
"Chemical processing machine setters, operators, and tenders","51-9010","Summary"
"Chemical equipment operators and tenders","51-9011","Line item"
"Separating, filtering, clarifying, precipitating, and still machine setters, operators, and tenders","51-9012","Line item"
"Crushing, grinding, polishing, mixing, and blending workers","51-9020","Summary"
"Crushing, grinding, and polishing machine setters, operators, and tenders","51-9021","Line item"
"Grinding and polishing workers, hand","51-9022","Line item"
"Mixing and blending machine setters, operators, and tenders","51-9023","Line item"
"Cutting workers","51-9030","Summary"
"Cutters and trimmers, hand","51-9031","Line item"
"Cutting and slicing machine setters, operators, and tenders","51-9032","Line item"
"Extruding, forming, pressing, and compacting machine setters, operators, and tenders","51-9041","Line item"
"Furnace, kiln, oven, drier, and kettle operators and tenders","51-9051","Line item"
"Inspectors, testers, sorters, samplers, and weighers","51-9061","Line item"
"Jewelers and precious stone and metal workers","51-9071","Line item"
"Dental and ophthalmic laboratory technicians and medical appliance technicians","51-9080","Summary"
"Dental laboratory technicians","51-9081","Line item"
"Medical appliance technicians","51-9082","Line item"
"Ophthalmic laboratory technicians","51-9083","Line item"
"Packaging and filling machine operators and tenders","51-9111","Line item"
"Painting workers","51-9120","Summary"
"Painting, coating, and decorating workers","51-9123","Line item"
"Coating, painting, and spraying machine setters, operators, and tenders","51-9124","Line item"
"Semiconductor processing technicians","51-9141","Line item"
"Photographic process workers and processing machine operators","51-9151","Line item"
"Computer numerically controlled tool operators and programmers","51-9160","Summary"
"Computer numerically controlled tool operators","51-9161","Line item"
"Computer numerically controlled tool programmers","51-9162","Line item"
"Miscellaneous production workers","51-9190","Summary"
"Adhesive bonding machine operators and tenders","51-9191","Line item"
"Cleaning, washing, and metal pickling equipment operators and tenders","51-9192","Line item"
"Cooling and freezing equipment operators and tenders","51-9193","Line item"
"Etchers and engravers","51-9194","Line item"
"Molders, shapers, and casters, except metal and plastic","51-9195","Line item"
"Paper goods machine setters, operators, and tenders","51-9196","Line item"
"Tire builders","51-9197","Line item"
"Helpers--production workers","51-9198","Line item"
"Production workers, all other","51-9199","Line item"
"Transportation and material moving occupations","53-0000","Summary"
"Supervisors of transportation and material moving workers","53-1000","Summary"
"Aircraft cargo handling supervisors","53-1041","Line item"
"First-line supervisors of transportation and material moving workers, except aircraft cargo handling supervisors","53-1047","Line item"
"Air transportation workers","53-2000","Summary"
"Aircraft pilots and flight engineers","53-2010","Summary"
"Airline pilots, copilots, and flight engineers","53-2011","Line item"
"Commercial pilots","53-2012","Line item"
"Air traffic controllers and airfield operations specialists","53-2020","Summary"
"Air traffic controllers","53-2021","Line item"
"Airfield operations specialists","53-2022","Line item"
"Flight attendants","53-2031","Line item"
"Motor vehicle operators","53-3000","Summary"
"Ambulance drivers and attendants, except emergency medical technicians","53-3011","Line item"
"Driver/sales workers and truck drivers","53-3030","Summary"
"Driver/sales workers","53-3031","Line item"
"Heavy and tractor-trailer truck drivers","53-3032","Line item"
"Light truck drivers","53-3033","Line item"
"Passenger vehicle drivers","53-3050","Summary"
"Bus drivers, school","53-3051","Line item"
"Bus drivers, transit and intercity","53-3052","Line item"
"Shuttle drivers and chauffeurs","53-3053","Line item"
"Taxi drivers","53-3054","Line item"
"Motor vehicle operators, all other","53-3099","Line item"
"Rail transportation workers","53-4000","Summary"
"Locomotive engineers and operators","53-4010","Summary"
"Locomotive engineers","53-4011","Line item"
"Rail yard engineers, dinkey operators, and hostlers","53-4013","Line item"
"Railroad brake, signal, and switch operators and locomotive firers","53-4022","Line item"
"Railroad conductors and yardmasters","53-4031","Line item"
"Subway and streetcar operators","53-4041","Line item"
"Rail transportation workers, all other","53-4099","Line item"
"Water transportation workers","53-5000","Summary"
"Sailors and marine oilers","53-5011","Line item"
"Ship and boat captains and operators","53-5020","Summary"
"Captains, mates, and pilots of water vessels","53-5021","Line item"
"Motorboat operators","53-5022","Line item"
"Ship engineers","53-5031","Line item"
"Other transportation workers","53-6000","Summary"
"Bridge and lock tenders","53-6011","Line item"
"Parking attendants","53-6021","Line item"
"Transportation service attendants","53-6030","Summary"
"Automotive and watercraft service attendants","53-6031","Line item"
"Aircraft service attendants","53-6032","Line item"
"Traffic technicians","53-6041","Line item"
"Transportation inspectors","53-6051","Line item"
"Passenger attendants","53-6061","Line item"
"Transportation workers, all other","53-6099","Line item"
"Material moving workers","53-7000","Summary"
"Conveyor operators and tenders","53-7011","Line item"
"Crane and tower operators","53-7021","Line item"
"Dredge operators","53-7031","Line item"
"Hoist and winch operators","53-7041","Line item"
"Industrial truck and tractor operators","53-7051","Line item"
"Laborers and material movers","53-7060","Summary"
"Cleaners of vehicles and equipment","53-7061","Line item"
"Laborers and freight, stock, and material movers, hand","53-7062","Line item"
"Machine feeders and offbearers","53-7063","Line item"
"Packers and packagers, hand","53-7064","Line item"
"Stockers and order fillers","53-7065","Line item"
"Pumping station operators","53-7070","Summary"
"Gas compressor and gas pumping station operators","53-7071","Line item"
"Pump operators, except wellhead pumpers","53-7072","Line item"
"Wellhead pumpers","53-7073","Line item"
"Refuse and recyclable material collectors","53-7081","Line item"
"Tank car, truck, and ship loaders","53-7121","Line item"
"Material moving workers, all other","53-7199","Line item"
